template_id,field
1150,12095
1150,12096
1150,12097
1150,12098
1150,12099
1150,12100
1150,12101
1150,12102
1150,12103
1150,12104
1150,12105
1150,12106
1150,12107
1150,12108
1150,12109
1150,12110
1150,12111
1150,12112
1150,12113
1150,12114
1150,12115
1150,12116
1150,12117
1150,12118
1150,12119
1150,12120
1150,12121
1150,12122
1150,12123
1150,12124
1150,12125
1150,12126
1150,12127
1150,12128
1150,12129
1150,12130
1150,12131
1150,12132
1150,12133
1150,12134
1150,12135
1150,12136
1150,12137
1150,12138
1150,12139
1150,12140
1150,12141
1150,12142
1150,12143
1150,12144
1150,12145
1150,12146
1150,12147
1150,12148
1150,12149
1150,12150
1150,12151
1150,12152
1150,12153
1150,12154
1150,12155
1150,12156
1150,12157
1150,12158
1150,12159
1150,12160
1150,12161
1150,12162
1150,12163
1150,12164
1150,12165
1150,12166
1150,12167
1150,12168
1150,12169
1150,12170
1150,12171
1150,12172
1150,12173
1150,12174
1150,12175
1150,12176
1150,12177
1150,12178
1150,12179
1150,12180
1150,12181
1150,12182
1150,12183
1150,12184
1150,12185